{"cameraMode":{"drawMode":0,"name":"Shaded","section":"Shading Mode"},"sceneLighting":true,"audioPlay":false,"sceneViewState":{"m_AlwaysRefresh":false,"showFog":true,"showSkybox":true,"showFlares":true,"showImageEffects":true,"showParticleSystems":true,"showVisualEffectGraphs":true,"m_FxEnabled":true},"in2DMode":false,"pivot":{"x":575.8731689453125,"y":0.22180092334747315,"z":709.0760498046875},"rotation":{"x":-0.011531095020473004,"y":-0.3541499078273773,"z":0.004308727569878101,"w":-0.9351591467857361},"size":15.48297119140625,"orthographic":false}