{"cameraMode":{"drawMode":0,"name":"Shaded","section":"Shading Mode"},"sceneLighting":false,"audioPlay":false,"sceneViewState":{"m_AlwaysRefresh":false,"showFog":true,"showSkybox":false,"showFlares":true,"showImageEffects":true,"showParticleSystems":true,"showVisualEffectGraphs":true,"m_FxEnabled":true},"in2DMode":false,"pivot":{"x":0.013763278722763062,"y":0.20183038711547852,"z":0.017174363136291505},"rotation":{"x":0.18087336421012879,"y":0.12236621230840683,"z":-0.022756008431315423,"w":0.9756806492805481},"size":0.7027660608291626,"orthographic":false}