{"cameraMode":{"drawMode":0,"name":"Shaded","section":"Shading Mode"},"sceneLighting":false,"audioPlay":false,"sceneViewState":{"m_AlwaysRefresh":false,"showFog":true,"showSkybox":false,"showFlares":true,"showImageEffects":true,"showParticleSystems":true,"showVisualEffectGraphs":true,"m_FxEnabled":true},"in2DMode":false,"pivot":{"x":0.5701560974121094,"y":13.174124717712403,"z":0.3204078674316406},"rotation":{"x":0.1498480588197708,"y":-0.13426116108894349,"z":0.020465843379497529,"w":0.9794176816940308},"size":18.52848243713379,"orthographic":false}